<?xml version="1.0" encoding="UTF-8"?>
<project-private xmlns="http://www.netbeans.org/ns/project-private/1">
    <editor-bookmarks xmlns="http://www.netbeans.org/ns/editor-bookmarks/2" lastBookmarkId="0"/>
    <open-files xmlns="http://www.netbeans.org/ns/projectui-open-files/2">
        <group>
            <file>file:/C:/xampp/htdocs/hOLA/app/config/parameters.yml</file>
            <file>file:/C:/xampp/htdocs/hOLA/src/ARSOFT/DemoBundle/Resources/config/routing.yml</file>
            <file>file:/C:/xampp/htdocs/hOLA/src/ARSOFT/DemoBundle/ARSOFTDemoBundle.php</file>
            <file>file:/C:/xampp/htdocs/hOLA/src/ARSOFT/DemoBundle/Resources/config/services.yml</file>
            <file>file:/C:/xampp/htdocs/hOLA/src/ARSOFT/DemoBundle/Resources/views/Default/index.html.twig</file>
            <file>file:/C:/xampp/htdocs/hOLA/app/Resources/views/base.html.twig</file>
            <file>file:/C:/xampp/htdocs/hOLA/src/ARSOFT/DemoBundle/Controller/DefaultController.php</file>
        </group>
    </open-files>
</project-private>
